Scheme,Raw_rho,Raw_CI,Raw_rho2,Raw_p,Partial_rho,Partial_CI,Partial_rho2,Partial_p
Sum,0.5856000986598017,"[0.560, 0.611]",0.34292747555036945,1.689588659272109e-263,0.5012993195528527,"[0.420, 0.487]",0.2513010077841531,3.025855290133078e-182
Mean,0.400852956853655,"[0.371, 0.432]",0.1606830930183182,4.281873303099469e-111,0.43277040800252015,"[0.356, 0.419]",0.18729022604266776,3.665340628899226e-131
Max,0.407634778088243,"[0.376, 0.439]",0.1661661123070511,3.534193735112498e-115,0.4283216899205987,"[0.352, 0.417]",0.1834594700564375,3.1124792389071995e-128
Top-5 Sum,0.5820135262098654,"[0.556, 0.607]",0.33873974469124163,1.518774671061948e-259,0.4951488543867689,"[0.416, 0.482]",0.2451723880005297,3.5994272581746235e-177
Top-10 Sum,0.5856314228628572,"[0.560, 0.611]",0.34296416344437464,1.5596683855707122e-263,0.5012836010644953,"[0.420, 0.487]",0.25128524869618807,3.118544486287175e-182
Log-Sum,0.5856005023471413,"[0.560, 0.611]",0.3429279483492243,1.6878474408465648e-263,0.5012918701434333,"[0.420, 0.487]",0.25129353907190083,3.069435232318864e-182
Rank-Sum,0.618094174971139,"[0.590, 0.647]",0.38204040913325304,1.08879583558651e-301,0.5386735581536872,"[0.455, 0.528]",0.2901692022539539,1.9744611794407893e-215
Weighted Sum,0.5646830629512698,"[0.537, 0.591]",0.3188669615840277,4.068505165778717e-241,0.4943960424765233,"[0.408, 0.475]",0.24442744681644824,1.4803139519095414e-176
Random Control,0.04018660309992226,"[0.004, 0.073]",0.0016149630687106813,0.03145081571178447,0.03037927909303761,"[-0.009, 0.062]",0.000922900598212672,0.1039450648712334
